{"f1_score": {"ekstedt_events": {"shift_hold_p_future_after": [[0.8509361743927002, 0.8957287073135376, 0.7362128496170044], [0.8368135094642639, 0.8877443671226501, 0.706368625164032], [0.8372820615768433, 0.8910936713218689, 0.6994587779045105]], "shift_hold_p_future_before": [[0.8394433259963989, 0.889305591583252, 0.7117350697517395], [0.829727053642273, 0.8829071521759033, 0.6935212016105652], [0.8275268077850342, 0.8807231783866882, 0.6912792325019836]], "s_pred_p_future": [[0.8891706466674805, 0.8783759474754333, 0.8980708122253418], [0.8785099387168884, 0.8638724088668823, 0.8905783891677856], [0.8717519640922546, 0.8565611839294434, 0.8842765688896179]], "shift_hold_p_now_after": [[0.8288229703903198, 0.8848533630371094, 0.6853169202804565], [0.8171530365943909, 0.8756253719329834, 0.6673926711082458], [0.8145114183425903, 0.8740628957748413, 0.6619871854782104]], "shift_hold_p_now_before": [[0.8008083701133728, 0.8682188391685486, 0.6281553506851196], [0.7866131067276001, 0.8609324097633362, 0.5962650775909424], [0.7812469601631165, 0.8562610745429993, 0.5891194343566895]], "s_pred_p_now": [[0.9015977382659912, 0.8905243873596191, 0.9107276797294617], [0.8959363698959351, 0.8838411569595337, 0.9059087634086609], [0.884029746055603, 0.8724563717842102, 0.8935718536376953]], "backchannel": [[0.7179965972900391, 0.7364349961280823, 0.6864681839942932], [0.7032637596130371, 0.7242411971092224, 0.6673938035964966], [0.7011035084724426, 0.7177303433418274, 0.672672688961029]], "short_long": [[0.5477322936058044, 0.24700570106506348, 0.7192738652229309], [0.5549278855323792, 0.252097487449646, 0.7276694774627686], [0.554571270942688, 0.2192791998386383, 0.7458298206329346]]}, "roddy_events": {"overlaps_before_p_now": [[0.6898058652877808, 0.8024834990501404, 0.3904191553592682], [0.6841336488723755, 0.7884691953659058, 0.4069119393825531], [0.6852848529815674, 0.802697479724884, 0.37331700325012207]], "overlaps_before_p_future": [[0.7989015579223633, 0.8666930198669434, 0.6187782883644104], [0.8036998510360718, 0.8743679523468018, 0.6159334182739258], [0.7944979667663574, 0.8659995794296265, 0.6045165061950684]], "overlaps_after_p_now": [[0.71189945936203, 0.8378278613090515, 0.37730497121810913], [0.7003663778305054, 0.8171428442001343, 0.3900889456272125], [0.7056946754455566, 0.8317236304283142, 0.3708333373069763]], "overlaps_after_p_future": [[0.825598955154419, 0.8813151717185974, 0.6775599122047424], [0.8232250213623047, 0.8856751918792725, 0.6572934985160828], [0.8141188621520996, 0.8790907263755798, 0.6414874792098999]], "overlap_spred_before_p_future": [[0.8702636361122131, 0.9156367778778076, 0.736429750919342], [0.8711158037185669, 0.9161590933799744, 0.7382550239562988], [0.8598600625991821, 0.9101263284683228, 0.7115933895111084]]}, "gap_0": {"gap_0_p_future": [[0.8811823129653931, 0.9258354902267456, 0.7114589214324951], [0.8732183575630188, 0.9214860796928406, 0.6897566318511963], [0.8716236352920532, 0.9179700016975403, 0.6954648494720459]], "gap_0_p_now": [[0.8637218475341797, 0.9190378189086914, 0.6534700989723206], [0.8524242639541626, 0.9103111028671265, 0.6324009299278259], [0.8488888740539551, 0.9064191579818726, 0.6302207112312317]], "gap_0_s_pred_p_now": [[0.9100288152694702, 0.8977209329605103, 0.9198431968688965], [0.8996967077255249, 0.885442852973938, 0.9110628962516785], [0.8888753652572632, 0.8747591376304626, 0.9001317024230957]], "gap_0_s_pred_p_future": [[0.891717791557312, 0.8783097863197327, 0.9024094939231873], [0.8800370693206787, 0.8671347498893738, 0.8903254866600037], [0.8771897554397583, 0.8607840538024902, 0.8902718424797058]], "gap_0_superset_p_future": [[0.8844717741012573, 0.9304139614105225, 0.687541663646698], [0.8792245388031006, 0.9271582365036011, 0.6737582087516785], [0.8764399886131287, 0.9248537421226501, 0.6689157485961914]]}, "gap_500": {"gap_500_p_future": [[0.8065099716186523, 0.8565212488174438, 0.6990645527839661], [0.7986104488372803, 0.8544520735740662, 0.6786389350891113], [0.797420084476471, 0.8484848737716675, 0.6877113580703735]], "gap_500_p_now": [[0.7586442828178406, 0.838306188583374, 0.5874967575073242], [0.7489209175109863, 0.8234179019927979, 0.5888698101043701], [0.7380492687225342, 0.819525420665741, 0.5630040168762207]], "gap_500_s_pred_p_now": [[0.8843402862548828, 0.8716938495635986, 0.8948339223861694], [0.8782786726951599, 0.8652442693710327, 0.8890942931175232], [0.8612701296806335, 0.8462187051773071, 0.8737595081329346]], "gap_500_s_pred_p_future": [[0.8733828067779541, 0.86210697889328, 0.8827391862869263], [0.8641675114631653, 0.8562248945236206, 0.8707581162452698], [0.8535455465316772, 0.8451457619667053, 0.8605155348777771]], "gap_500_superset_p_future": [[0.8313261270523071, 0.8903061151504517, 0.6601374745368958], [0.8268429636955261, 0.8860632181167603, 0.6549569368362427], [0.8227828741073608, 0.8827247023582458, 0.6488025188446045]]}, "gap_750": {"gap_750_p_future": [[0.7854986190795898, 0.8349931836128235, 0.6892240047454834], [0.767810583114624, 0.8224771618843079, 0.6614757180213928], [0.7738832235336304, 0.8230875730514526, 0.678173303604126]], "gap_750_p_now": [[0.7299861907958984, 0.7940205931663513, 0.6054295301437378], [0.7214715480804443, 0.7767263650894165, 0.6139923334121704], [0.7079073190689087, 0.7855384945869446, 0.5569026470184326]], "gap_750_s_pred_p_now": [[0.884451150894165, 0.8737690448760986, 0.893343448638916], [0.8745925426483154, 0.8626570701599121, 0.8845282793045044], [0.8590376973152161, 0.8458781242370605, 0.8699924349784851]], "gap_750_s_pred_p_future": [[0.8783162832260132, 0.8672329187393188, 0.8875426054000854], [0.8660708069801331, 0.854602038860321, 0.8756181001663208], [0.8522934317588806, 0.8439256548881531, 0.8592592477798462]], "gap_750_superset_p_future": [[0.8181257247924805, 0.8768744468688965, 0.6562570929527283], [0.8102972507476807, 0.8763025999069214, 0.6284348964691162], [0.809579610824585, 0.8702935576438904, 0.6422964930534363]]}, "gap_1000": {"gap_1000_p_future": [[0.7644733190536499, 0.8133724927902222, 0.6756066679954529], [0.7476305365562439, 0.8044813871383667, 0.6443129777908325], [0.7534428238868713, 0.8028116822242737, 0.6637223958969116]], "gap_1000_p_now": [[0.7057142853736877, 0.7730547785758972, 0.5833333134651184], [0.7004303336143494, 0.756371796131134, 0.5987654328346252], [0.6928850412368774, 0.7787732481956482, 0.536796510219574]], "gap_1000_s_pred_p_now": [[0.8690586090087891, 0.8643356561660767, 0.8735332489013672], [0.865741491317749, 0.8630419969558716, 0.868299126625061], [0.8434274196624756, 0.84429532289505, 0.8426051735877991]], "gap_1000_s_pred_p_future": [[0.8623692393302917, 0.8596974015235901, 0.8649006485939026], [0.8561913967132568, 0.8501055836677551, 0.8619572520256042], [0.8440607190132141, 0.8458972573280334, 0.8423207998275757]], "gap_1000_superset_p_future": [[0.8103852272033691, 0.8727826476097107, 0.6393088698387146], [0.8043286800384521, 0.8728441596031189, 0.6164782047271729], [0.8013569116592407, 0.8688330054283142, 0.6163561940193176]]}, "gap_1250": {"gap_1250_p_future": [[0.7563992738723755, 0.8021461963653564, 0.6768893599510193], [0.7463173866271973, 0.800000011920929, 0.6530147790908813], [0.7392857074737549, 0.7794729471206665, 0.6694386601448059]], "gap_1250_p_now": [[0.696232795715332, 0.7264705896377563, 0.6436781883239746], [0.6980807781219482, 0.7643229365348816, 0.5829492807388306], [0.6885361671447754, 0.7712500095367432, 0.5447761416435242]], "gap_1250_s_pred_p_now": [[0.8830022215843201, 0.8865096569061279, 0.8792710900306702], [0.8664190173149109, 0.8711395263671875, 0.8613975048065186], [0.8552011251449585, 0.8631138801574707, 0.8467836380004883]], "gap_1250_s_pred_p_future": [[0.8763072490692139, 0.8816067576408386, 0.8706697225570679], [0.8620556592941284, 0.8651564121246338, 0.8587570786476135], [0.8672080039978027, 0.8760330677032471, 0.8578199148178101]],