{"f1_score": {"ekstedt_events": {"shift_hold_p_future": [[0.7588151693344116, 0.8754695057868958, 0.27441078424453735], [0.7594380974769592, 0.8714285492897034, 0.29440000653266907], [0.77337247133255, 0.8774495720863342, 0.3411949574947357], [0.7566450238227844, 0.8739155530929565, 0.26968175172805786], [0.7522851228713989, 0.8682486414909363, 0.27074939012527466]], "s_pred_p_future": [[0.657433032989502, 0.6775892376899719, 0.6363036036491394], [0.5929058790206909, 0.5653333067893982, 0.621809720993042], [0.5972634553909302, 0.6624068021774292, 0.528974711894989], [0.5619131326675415, 0.523517370223999, 0.602162778377533], [0.551512598991394, 0.5200534462928772, 0.5844907164573669]], "shift_hold_p_now": [[0.7372400164604187, 0.8679678440093994, 0.19439579546451569], [0.7390114068984985, 0.8596875667572021, 0.23790642619132996], [0.7463262677192688, 0.8591217398643494, 0.2779456079006195], [0.7333080172538757, 0.8813654184341431, 0.11850311607122421], [0.7227771282196045, 0.8544900417327881, 0.17584224045276642]], "s_pred_p_now": [[0.5686972141265869, 0.5132237076759338, 0.6268492937088013], [0.5445141792297363, 0.47058823704719543, 0.6220095753669739], [0.5550814867019653, 0.4908958375453949, 0.6223663091659546], [0.5258288979530334, 0.46341463923454285, 0.591256856918335], [0.531423807144165, 0.43118536472320557, 0.6365022659301758]], "backchannel": [[0.6997309923171997, 0.7423934936523438, 0.6446558237075806], [0.6438285708427429, 0.6768837571144104, 0.6011560559272766], [0.642535924911499, 0.6462110877037048, 0.6377915143966675], [0.6035361289978027, 0.6666666865348816, 0.5220378041267395], [0.6361854672431946, 0.6379794478416443, 0.633869469165802]], "short_long": [[0.7460647225379944, 0.759764552116394, 0.7335311770439148], [0.6936508417129517, 0.7160883545875549, 0.6731234788894653], [0.7039390206336975, 0.7051569223403931, 0.7028248310089111], [0.6454703211784363, 0.679711639881134, 0.6141439080238342], [0.7065033912658691, 0.7176981568336487, 0.6962617039680481]]}, "roddy_events": {"overlaps_before_p_now": [[0.5247341394424438, 0.3303571343421936, 0.6559633016586304], [0.5222825407981873, 0.3470839262008667, 0.6405638456344604], [0.5215950012207031, 0.3074534237384796, 0.666167676448822], [0.5155776143074036, 0.30745813250541687, 0.6560846567153931], [0.5143072605133057, 0.2806451618671417, 0.6720588207244873]], "overlaps_before_p_future": [[0.5787121653556824, 0.4468371570110321, 0.667744517326355], [0.5478219389915466, 0.3516819477081299, 0.6802413463592529], [0.5694875121116638, 0.4585987329483032, 0.6443514823913574], [0.5422516465187073, 0.3258785903453827, 0.688330888748169], [0.5353583097457886, 0.3196202516555786, 0.6810088753700256]], "overlaps_after_p_now": [[0.49638622999191284, 0.23350253701210022, 0.6738660931587219], [0.4864022433757782, 0.15445543825626373, 0.7105084657669067], [0.48021215200424194, 0.17311233282089233, 0.687543511390686], [0.48625555634498596, 0.17077799141407013, 0.6992429494857788], [0.4794260263442993, 0.18538324534893036, 0.6779422163963318]], "overlaps_after_p_future": [[0.6337689161300659, 0.5560975670814514, 0.6862068772315979], [0.5882334113121033, 0.5204200744628906, 0.6340160369873047], [0.5942143797874451, 0.5144230723381042, 0.6480836272239685], [0.554621696472168, 0.49142858386039734, 0.5972850918769836], [0.5453882217407227, 0.3500761091709137, 0.6772486567497253]]}, "gap_0": {"gap_0_p_future": [[0.7897600531578064, 0.8903085589408875, 0.2668607532978058], [0.787683367729187, 0.9032713770866394, 0.18657159805297852], [0.7915067672729492, 0.8964378237724304, 0.24581590294837952], [0.7807843685150146, 0.9016982316970825, 0.15197569131851196], [0.7839913368225098, 0.9011455178260803, 0.17473435401916504]], "gap_0_p_now": [[0.7700203657150269, 0.9038823246955872, 0.07387508451938629], [0.7693532109260559, 0.9036035537719727, 0.07118871808052063], [0.769047737121582, 0.900175154209137, 0.08712363988161087], [0.7685180902481079, 0.90292888879776, 0.06951871514320374], [0.7672392725944519, 0.8990748524665833, 0.08163265138864517]], "s_pred_p_now": [[0.5576480627059937, 0.518970787525177, 0.5949320793151855], [0.5481114387512207, 0.4671179950237274, 0.626187264919281], [0.5542011260986328, 0.47411707043647766, 0.631400465965271], [0.5209693908691406, 0.4076763391494751, 0.6301813721656799], [0.5421141982078552, 0.42369264364242554, 0.656269907951355]], "s_pred_p_future": [[0.6480233073234558, 0.6557376980781555, 0.640586793422699], [0.5911482572555542, 0.5472370982170105, 0.6334776282310486], [0.6018977761268616, 0.6502848863601685, 0.5552536249160767], [0.5603026747703552, 0.6233403086662292, 0.4995357394218445], [0.557650089263916, 0.46516290307044983, 0.6468057036399841]], "superset_p_future": [[0.7782790660858154, 0.8845575451850891, 0.29569512605667114], [0.7722928524017334, 0.8875685334205627, 0.24885496497154236], [0.7797558903694153, 0.8853805065155029, 0.30014124512672424], [0.7622712254524231, 0.8869870901107788, 0.19596774876117706], [0.7681248188018799, 0.8847056031227112, 0.23876085877418518]]}, "fast_shift": {}, "slow_shift": {}, "short_long": {}}, "bal_Accs": {"ekstedt_events": {"shift_hold_p_future": [0.649396403303996, 0.6120040467884643, 0.6173313980705435, 0.6000137640576131, 0.5799091027856276], "s_pred_p_future": [0.657135266258519, 0.5975033691425051, 0.6033306380193293, 0.5757483346809904, 0.5741057333179316], "shift_hold_p_now": [0.6002322781926004, 0.5777747018176332, 0.581819935021206, 0.5618626347050215, 0.5679716989201824], "s_pred_p_now": [0.5933079203727234, 0.5751969504447269, 0.584806129914135, 0.5624319433213969, 0.5667328943821955], "backchannel": [0.6925731103563411, 0.6421658223475908, 0.6529263931264752, 0.6239691871509988, 0.6530253367681769], "short_long": [0.7519279781487348, 0.7018195849071931, 0.7098894236627269, 0.6601446681694488, 0.7111542230209984]}, "roddy_events": {"overlaps_before_p_now": [0.5084029871633398, 0.50965611999542, 0.5120033586504332, 0.5027734310395278, 0.5], "overlaps_before_p_future": [0.592833606859789, 0.5545780695393305, 0.5658371817869547, 0.5290955815935778, 0.5373586249888681], "overlaps_after_p_now": [0.5096624810757859, 0.5083266541989492, 0.5155528414945995, 0.5112336679261605, 0.5], "overlaps_after_p_future": [0.6347276821495362, 0.6002951541289773, 0.594213961299187, 0.5684961133798965, 0.5799142526366678]}, "gap_0": {"gap_0_p_future": [0.6247228808202103, 0.5854698576992053, 0.594299584331548, 0.5665321275477542, 0.5685804010279042], "gap_0_p_now": [0.5477554717219636, 0.5398105926297059, 0.5485713969023497, 0.5435720790509397, 0.5511884419855912], "s_pred_p_now": [0.5785483594966115, 0.562706943505258, 0.5683014554191606, 0.5509647980549457, 0.5654658721732432], "s_pred_p_future": [0.6489385726472293, 0.5978093330288354, 0.611027953793511, 0.57295702827059, 0.5730257311288198], "superset_p_future": [0.6430984826710802, 0.596268141221321, 0.6136097491134401, 0.5838470875212758, 0.5786714370123119]}, "fast_shift": {}, "slow_shift": {}, "short_long": {}}}