{"f1_score": {"ekstedt_events": {"shift_hold_p_future": [[0.7395137548446655, 0.7910447716712952, 0.6585366129875183], [0.7239401340484619, 0.7943262457847595, 0.6133333444595337], [0.7802711725234985, 0.8064516186714172, 0.739130437374115], [0.7165188789367676, 0.7394958138465881, 0.6804123520851135], [0.7615520358085632, 0.7936508059501648, 0.7111111283302307]], "s_pred_p_future": [[0.8981903791427612, 0.8679245114326477, 0.9176470637321472], [0.8277361392974854, 0.7931034564971924, 0.8500000238418579], [0.8121719360351562, 0.7636363506317139, 0.8433734774589539], [0.7747812271118164, 0.6808510422706604, 0.8351648449897766], [0.8699652552604675, 0.8363636136054993, 0.891566276550293]], "shift_hold_p_now": [[0.7336732149124146, 0.7433628439903259, 0.7184466123580933], [0.7342325448989868, 0.747826099395752, 0.7128713130950928], [0.761960506439209, 0.7903226017951965, 0.717391312122345], [0.7336732149124146, 0.7433628439903259, 0.7184466123580933], [0.7209076881408691, 0.7761194109916687, 0.6341463327407837]], "s_pred_p_now": [[0.7984035015106201, 0.6976743936538696, 0.8631578683853149], [0.9123823642730713, 0.8846153616905212, 0.930232584476471], [0.8550724983215332, 0.8148148059844971, 0.8809523582458496], [0.8539705872535706, 0.807692289352417, 0.8837209343910217], [0.8185254335403442, 0.739130437374115, 0.8695651888847351]], "backchannel": [[0.7858638763427734, 0.8884688019752502, 0.33707866072654724], [0.7882494330406189, 0.8918156027793884, 0.3352601230144501], [0.7761532068252563, 0.8838527202606201, 0.3050847351551056], [0.7796981334686279, 0.887005627155304, 0.3103448152542114], [0.7942361831665039, 0.8982259631156921, 0.3393939435482025]], "short_long": [[0.848515510559082, 0.7572815418243408, 0.8826290965080261], [0.8214125633239746, 0.6947368383407593, 0.8687782883644104], [0.8137751221656799, 0.6739130616188049, 0.8660714030265808], [0.7807506918907166, 0.6067415475845337, 0.8458150029182434], [0.8194241523742676, 0.7222222089767456, 0.8557692170143127]]}, "roddy_events": {"overlaps_before_p_now": [[0.5788084268569946, 0.6329113841056824, 0.508474588394165], [0.5797101259231567, 0.5797101259231567, 0.5797101259231567], [0.6117289662361145, 0.6976743936538696, 0.5], [0.5293772220611572, 0.5, 0.5675675868988037], [0.59540855884552, 0.6315789222717285, 0.5483871102333069]], "overlaps_before_p_future": [[0.7177917957305908, 0.7764706015586853, 0.6415094137191772], [0.688085675239563, 0.7529411911964417, 0.6037735939025879], [0.7254480123519897, 0.7323943376541138, 0.7164179086685181], [0.8111900091171265, 0.8354430198669434, 0.7796609997749329], [0.7251067161560059, 0.7532467246055603, 0.688524603843689]], "overlaps_after_p_now": [[0.7013300061225891, 0.7674418687820435, 0.6153846383094788], [0.6845400929450989, 0.7586206793785095, 0.5882353186607361], [0.7013300061225891, 0.7674418687820435, 0.6153846383094788], [0.7546616792678833, 0.767123281955719, 0.7384615540504456], [0.7043938636779785, 0.761904776096344, 0.6296296119689941]], "overlaps_after_p_future": [[0.8115941882133484, 0.8115941882133484, 0.8115941882133484], [0.7654900550842285, 0.8048780560493469, 0.7142857313156128], [0.7809135913848877, 0.8148148059844971, 0.7368420958518982], [0.8550724983215332, 0.8717948794364929, 0.8333333134651184], [0.8408513069152832, 0.8571428656578064, 0.8196721076965332]], "overlap_spred_before_p_future": [[0.8246694803237915, 0.8214285969734192, 0.8275862336158752], [0.8071364760398865, 0.800000011920929, 0.8135592937469482], [0.8067787885665894, 0.7924528121948242, 0.8196721076965332], [0.8240171670913696, 0.807692289352417, 0.8387096524238586], [0.5331354141235352, 0.3125, 0.7317073345184326]]}, "gap_0": {"gap_0_p_future": [[0.806386411190033, 0.8398576378822327, 0.7398843765258789], [0.7868590354919434, 0.8327645063400269, 0.695652186870575], [0.7971901297569275, 0.8350877165794373, 0.7218934893608093], [0.759527862071991, 0.8148148059844971, 0.6496815085411072], [0.783782422542572, 0.8382838368415833, 0.6754966974258423]], "gap_0_p_now": [[0.7941884994506836, 0.8248175382614136, 0.7333333492279053], [0.7750171422958374, 0.8194444179534912, 0.6867470145225525], [0.775509774684906, 0.8397436141967773, 0.6478873491287231], [0.7851470708847046, 0.8361204266548157, 0.6838709712028503], [0.7919074296951294, 0.834482729434967, 0.707317054271698]], "s_pred_p_now": [[0.8838604688644409, 0.868852436542511, 0.8961039185523987], [0.9050527215003967, 0.8888888955116272, 0.9182389974594116], [0.85968017578125, 0.8288288116455078, 0.8848484754562378], [0.8477047681808472, 0.8292682766914368, 0.8627451062202454], [0.8624136447906494, 0.8479999899864197, 0.8741722106933594]], "s_pred_p_future": [[0.855255126953125, 0.8529411554336548, 0.8571428656578064], [0.833202064037323, 0.8345323801040649, 0.8321167826652527], [0.8186978697776794, 0.8201438784599304, 0.8175182342529297], [0.8403081893920898, 0.8196721076965332, 0.8571428656578064], [0.8687257170677185, 0.8474576473236084, 0.8860759735107422]], "superset_p_future": [[0.8123983144760132, 0.855949878692627, 0.7088607549667358], [0.7898573279380798, 0.8467742204666138, 0.6545454263687134], [0.803950309753418, 0.8738229870796204, 0.637837827205658], [0.7996483445167542, 0.8610567450523376, 0.6536585092544556], [0.8026424050331116, 0.8524590134620667, 0.6842105388641357]]}, "fast_shift": {}, "slow_shift": {}, "short_long": {}}, "bal_Accs": {"ekstedt_events": {"shift_hold_p_future": [0.7316017316017316, 0.7099567099567099, 0.7835497835497836, 0.7261904761904762, 0.7597402597402597], "s_pred_p_future": [0.8902116402116402, 0.8306878306878307, 0.8055555555555556, 0.783068783068783, 0.8664021164021164], "shift_hold_p_now": [0.7586580086580086, 0.7543290043290043, 0.7640692640692641, 0.7586580086580086, 0.7305194805194806], "s_pred_p_now": [0.7658730158730158, 0.9021164021164021, 0.8478835978835979, 0.8412698412698413, 0.7910052910052909], "backchannel": [0.7188261733944161, 0.7026795747255596, 0.6808107874492177, 0.6677673091883481, 0.6933702135015991], "short_long": [0.8621840242669363, 0.8011122345803843, 0.8288169868554095, 0.7619817997977756, 0.8404448938321536]}, "roddy_events": {"overlaps_before_p_now": [0.5961538461538461, 0.5897435897435896, 0.6025641025641025, 0.5551282051282052, 0.6217948717948718], "overlaps_before_p_future": [0.7320512820512821, 0.6948717948717948, 0.7333333333333334, 0.8064102564102564, 0.7397435897435898], "overlaps_after_p_now": [0.6897435897435897, 0.6730769230769231, 0.7192307692307692, 0.7589743589743589, 0.7153846153846154], "overlaps_after_p_future": [0.8256410256410256, 0.7743589743589744, 0.773076923076923, 0.8525641025641026, 0.8397435897435898], "overlap_spred_before_p_future": [0.825925925925926, 0.8074074074074074, 0.8055555555555556, 0.8222222222222222, 0.5925925925925926]}, "gap_0": {"gap_0_p_future": [0.8117811084001394, 0.7723945625653538, 0.7953555245730219, 0.762242941791565, 0.7718717323109097], "gap_0_p_now": [0.8083827117462531, 0.7785813872429418, 0.7655542000697106, 0.7853346113628442, 0.7822411990240502], "s_pred_p_now": [0.8813667232597624, 0.8996179966044142, 0.8512308998302207, 0.8455008488964346, 0.8616298811544991], "s_pred_p_future": [0.862478777589134, 0.842741935483871, 0.8280984719864176, 0.8374363327674024, 0.8637521222410866], "superset_p_future": [0.8029724468403714, 0.7640386343216532, 0.7893456124588201, 0.7769541778975741, 0.7985549565738246]}, "fast_shift": {}, "slow_shift": {}, "short_long": {}}}