{"f1_score": {"ekstedt_events": {"shift_hold_p_future": [0.8167586326599121, 0.8255063891410828], "s_pred_p_future": [0.8206437826156616, 0.8324147462844849], "shift_hold_p_now": [0.7929296493530273, 0.7979799509048462], "s_pred_p_now": [0.8078960180282593, 0.8124446272850037], "backchannel": [0.7307039499282837, 0.7346194982528687], "short_long": [0.6527211666107178, 0.6158814430236816]}, "roddy_events": {"overlaps_before_p_now": [0.6754968166351318, 0.6798322200775146], "overlaps_before_p_future": [0.7686411142349243, 0.767319917678833], "overlaps_after_p_now": [0.7078672051429749, 0.7129493355751038], "overlaps_after_p_future": [0.805799663066864, 0.8068897724151611]}, "gap_0": {"gap_0_p_future": [0.8379237651824951, 0.8394361734390259], "gap_0_p_now": [0.8011413216590881, 0.8016420006752014], "s_pred_p_now": [0.8156447410583496, 0.8230242133140564], "s_pred_p_future": [0.8275161981582642, 0.8390698432922363], "superset_p_future": [0.8587467074394226, 0.8610633015632629]}, "fast_shift": {}, "slow_shift": {}, "short_long": {}}, "bal_Accs": {"ekstedt_events": {"shift_hold_p_future": [0.7728433349709553, 0.7905901929879954], "s_pred_p_future": [0.8198415347450958, 0.8291641096410677], "shift_hold_p_now": [0.7336364744854096, 0.7405178777044374], "s_pred_p_now": [0.8040081965483634, 0.8091992765057869], "backchannel": [0.736501937058289, 0.7510190596161412], "short_long": [0.617752809552296, 0.5741046984480578]}, "roddy_events": {"overlaps_before_p_now": [0.5634009495409888, 0.5690942177960463], "overlaps_before_p_future": [0.6796241699298762, 0.691355726797489], "overlaps_after_p_now": [0.5980914926540496, 0.6013994509939223], "overlaps_after_p_future": [0.7409649415216435, 0.7475799934887135]}, "gap_0": {"gap_0_p_future": [0.7432298241493145, 0.7546617867221372], "gap_0_p_now": [0.6843218040319583, 0.6879149278219199], "s_pred_p_now": [0.8120626341000112, 0.8193416138245204], "s_pred_p_future": [0.8257794914707366, 0.8368729911926033], "superset_p_future": [0.7560196442635501, 0.7589898882806597]}, "fast_shift": {}, "slow_shift": {}, "short_long": {}}}