{"f1_score": {"ekstedt_events": {"shift_hold_p_future": [[0.8611648082733154, 0.9039455056190491, 0.7515943050384521], [0.8477684855461121, 0.8968240022659302, 0.7221266627311707], [0.8591488003730774, 0.9029120802879333, 0.7470614910125732], [0.8553479313850403, 0.9033485054969788, 0.7324078679084778], [0.8577714562416077, 0.9027591347694397, 0.7425482869148254]], "s_pred_p_future": [[0.8812686204910278, 0.867840588092804, 0.8921494483947754], [0.8591339588165283, 0.8416119813919067, 0.8733323216438293], [0.8721556067466736, 0.8608144521713257, 0.8813454508781433], [0.8681750297546387, 0.8566781282424927, 0.8774911165237427], [0.8771194219589233, 0.863383948802948, 0.8882495164871216]], "shift_hold_p_now": [[0.8370187282562256, 0.8900856971740723, 0.7011023759841919], [0.8350263833999634, 0.8859942555427551, 0.7044866681098938], [0.8368907570838928, 0.8878094553947449, 0.7064768075942993], [0.8319680690765381, 0.8894607424736023, 0.6847169995307922], [0.8329117894172668, 0.8859357833862305, 0.6971057057380676]], "s_pred_p_now": [[0.8736600875854492, 0.8599889278411865, 0.884738028049469], [0.8743360638618469, 0.8590127229690552, 0.8867527842521667], [0.8887760043144226, 0.8746476173400879, 0.9002243876457214], [0.8668242692947388, 0.8489780426025391, 0.8812853097915649], [0.8688965439796448, 0.8535268902778625, 0.8813508152961731]], "backchannel": [[0.7295883893966675, 0.7537235617637634, 0.6879309415817261], [0.7124229669570923, 0.7365044355392456, 0.6708580851554871], [0.7162569165229797, 0.7278867959976196, 0.6961836218833923], [0.7221735715866089, 0.7450132966041565, 0.6827519536018372], [0.7143056988716125, 0.7394893169403076, 0.6708385348320007]], "short_long": [[0.6395770311355591, 0.528681755065918, 0.7028343081474304], [0.5799244046211243, 0.3853386342525482, 0.6909207701683044], [0.5874309539794922, 0.4013230502605438, 0.693591296672821], [0.6195819973945618, 0.46522852778434753, 0.7076288461685181], [0.6171687841415405, 0.4973676800727844, 0.6855062246322632]]}, "roddy_events": {"overlaps_before_p_now": [[0.699673056602478, 0.8038484454154968, 0.4228769540786743], [0.6996854543685913, 0.8107377290725708, 0.4046172499656677], [0.6905043721199036, 0.820321261882782, 0.34557822346687317], [0.7057390809059143, 0.8305400609970093, 0.37414029240608215], [0.7045727372169495, 0.8221253752708435, 0.3922330141067505]], "overlaps_before_p_future": [[0.8089699745178223, 0.8761494755744934, 0.6304728388786316], [0.8043687343597412, 0.8771929740905762, 0.6108735203742981], [0.8064939975738525, 0.8782088160514832, 0.6159464120864868], [0.801381528377533, 0.8741773366928101, 0.6079614162445068], [0.8043075203895569, 0.8779081106185913, 0.6087492108345032]], "overlaps_after_p_now": [[0.7586678266525269, 0.8484380841255188, 0.5201465487480164], [0.7380586862564087, 0.8464854955673218, 0.4499664306640625], [0.7484868168830872, 0.8536174893379211, 0.4691525399684906], [0.7617576718330383, 0.8627305030822754, 0.49347078800201416], [0.761737585067749, 0.856004536151886, 0.5112684965133667]], "overlaps_after_p_future": [[0.8431603312492371, 0.8989465236663818, 0.6949352025985718], [0.8385660648345947, 0.8941777944564819, 0.6908046007156372], [0.8379771709442139, 0.8956505060195923, 0.6847378015518188], [0.841666579246521, 0.8983249068260193, 0.6911242604255676], [0.8486685156822205, 0.8993660807609558, 0.7139639854431152]], "overlap_spred_before_p_future": [[0.8749362826347351, 0.9194570183753967, 0.7458595037460327], [0.8587831854820251, 0.9098774194717407, 0.7106481194496155], [0.8708022832870483, 0.9166968464851379, 0.7377423048019409], [0.8672496676445007, 0.9125503301620483, 0.7359116077423096], [0.8787096738815308, 0.918908953666687, 0.7621621489524841]]}, "gap_0": {"gap_0_p_future": [[0.8785355091094971, 0.9225282669067383, 0.7113223671913147], [0.870208740234375, 0.9194828867912292, 0.6829213500022888], [0.8756545186042786, 0.9209116697311401, 0.7036353945732117], [0.874417781829834, 0.9222794771194458, 0.6924994587898254], [0.8771770000457764, 0.924334704875946, 0.6979345083236694]], "gap_0_p_now": [[0.8449256420135498, 0.9039023518562317, 0.6207598447799683], [0.8459469079971313, 0.9069398045539856, 0.6141176223754883], [0.8457691073417664, 0.9068678617477417, 0.6135373711585999], [0.8426494598388672, 0.9037683010101318, 0.6103416681289673], [0.8422910571098328, 0.904542863368988, 0.6056767702102661]], "s_pred_p_now": [[0.8828161954879761, 0.867774248123169, 0.8949263691902161], [0.8818519115447998, 0.8680065274238586, 0.8929986953735352], [0.8920586109161377, 0.8761718273162842, 0.9048489332199097], [0.8753985166549683, 0.8557284474372864, 0.891234815120697], [0.87449049949646, 0.8569046854972839, 0.8886486291885376]], "s_pred_p_future": [[0.8859063386917114, 0.8747334480285645, 0.8949016332626343], [0.8661512136459351, 0.849025547504425, 0.8799389004707336], [0.8760460615158081, 0.863447904586792, 0.886188805103302], [0.8742903470993042, 0.8607186079025269, 0.8852168321609497], [0.8803902864456177, 0.866340696811676, 0.8917015194892883]], "superset_p_future": [[0.8835381269454956, 0.9301755428314209, 0.683277428150177], [0.8757166266441345, 0.9255175590515137, 0.6618719100952148], [0.8804469704627991, 0.9287024736404419, 0.6732386350631714], [0.8792581558227539, 0.9271329641342163, 0.6736842393875122], [0.8821948766708374, 0.9296339154243469, 0.6784922480583191]]}, "fast_shift": {}, "slow_shift": {}, "short_long": {}}, "bal_Accs": {"ekstedt_events": {"shift_hold_p_future": [0.846535257801891, 0.8312189119912418, 0.8390831369394252, 0.8362026515272565, 0.8432480477430004], "s_pred_p_future": [0.8802781722119143, 0.857002262153971, 0.873140254892991, 0.8694412470712984, 0.8775290984649766], "shift_hold_p_now": [0.8127811777725984, 0.8136216307845658, 0.8127199267345264, 0.8057430251578785, 0.8074280678461239], "s_pred_p_now": [0.8732876158854477, 0.8725429546630944, 0.8869287769419216, 0.8652412343217106, 0.8674258918987594], "backchannel": [0.7644971264988878, 0.7432302899553678, 0.7585097571830053, 0.7478028141905749, 0.749832978875224], "short_long": [0.6424790185249454, 0.5658918281185448, 0.5757635038328236, 0.6128450114091273, 0.6091099641612873]}, "roddy_events": {"overlaps_before_p_now": [0.6265468088427248, 0.6210660437276554, 0.611939866151125, 0.6226179868018904, 0.6171488953079394], "overlaps_before_p_future": [0.7518955582736357, 0.754665016794882, 0.7510461942481907, 0.7480041350560139, 0.7542458473254653], "overlaps_after_p_now": [0.6823127778159692, 0.65647927045921, 0.6563368090459323, 0.6810626194654605, 0.6752876358625747], "overlaps_after_p_future": [0.7990152652052158, 0.7950563943989102, 0.7967957639455456, 0.7917884290202761, 0.8020173314361537], "overlap_spred_before_p_future": [0.8430016265381286, 0.8209894740595896, 0.8341850370379176, 0.8304709432138095, 0.8454218201773938]}, "gap_0": {"gap_0_p_future": [0.8469717927792058, 0.8333461201680404, 0.8425567224663599, 0.8394000262521977, 0.8446972107116064], "gap_0_p_now": [0.7952712569920305, 0.7992301015769419, 0.7989096997915692, 0.7946682435561071, 0.7918257194270775], "s_pred_p_now": [0.8810008109430396, 0.8811255161743403, 0.888978714420712, 0.872635746790456, 0.8735299862225852], "s_pred_p_future": [0.8871209415747614, 0.8659367301666023, 0.876367090074038, 0.8739990071452985, 0.8800902952043299], "superset_p_future": [0.841374796781754, 0.8293847794478071, 0.836845727372365, 0.8337661604506625, 0.8401584914559463]}, "fast_shift": {}, "slow_shift": {}, "short_long": {}}}