{"f1_score": {"ekstedt_events": {"shift_hold_p_future": [[0.7229816913604736, 0.8240917921066284, 0.4640164375305176], [0.7386392951011658, 0.8174036145210266, 0.5369067192077637], [0.7312919497489929, 0.8240328431129456, 0.4937623143196106], [0.7311978340148926, 0.8203147649765015, 0.5029500722885132], [0.7177238464355469, 0.818700909614563, 0.45909935235977173]], "s_pred_p_future": [[0.7241135835647583, 0.6734368801116943, 0.7651775479316711], [0.72728431224823, 0.6835147738456726, 0.7627514004707336], [0.7190333604812622, 0.6834492087364197, 0.7478677034378052], [0.7329381704330444, 0.6930617094039917, 0.7652506232261658], [0.722083568572998, 0.6764246821403503, 0.7590816617012024]], "shift_hold_p_now": [[0.7008241415023804, 0.8078466653823853, 0.426716148853302], [0.7183828949928284, 0.817355751991272, 0.46489185094833374], [0.7047712206840515, 0.8081405162811279, 0.4400199055671692], [0.7011450529098511, 0.804290771484375, 0.43696650862693787], [0.6981046199798584, 0.7993332147598267, 0.4388361871242523]], "s_pred_p_now": [[0.6913633346557617, 0.627954363822937, 0.7427444458007812], [0.7087208032608032, 0.6592069268226624, 0.7488425970077515], [0.7031104564666748, 0.6396711468696594, 0.7545161843299866], [0.7067433595657349, 0.668552041053772, 0.737690269947052], [0.7032345533370972, 0.6676619052886963, 0.7320595979690552]], "backchannel": [[0.72081458568573, 0.7540408372879028, 0.6634657382965088], [0.7209191918373108, 0.7531622052192688, 0.6652674078941345], [0.7285861968994141, 0.7598505020141602, 0.6746238470077515], [0.7397221922874451, 0.7738651037216187, 0.6807911992073059], [0.7280845046043396, 0.765371561050415, 0.6637267470359802]], "short_long": [[0.7365044951438904, 0.6253063678741455, 0.7999345660209656], [0.7092649936676025, 0.5627073645591736, 0.792864978313446], [0.7498512864112854, 0.6303539872169495, 0.818015456199646], [0.767324686050415, 0.6535947918891907, 0.8321988582611084], [0.7393479943275452, 0.6208313703536987, 0.8069525957107544]]}, "roddy_events": {"overlaps_before_p_now": [[0.6895453929901123, 0.8241392374038696, 0.3319268524646759], [0.6917161345481873, 0.8097971677780151, 0.37797245383262634], [0.6932030320167542, 0.821174681186676, 0.3531799614429474], [0.6908391714096069, 0.8216881155967712, 0.3431709110736847], [0.6988867521286011, 0.8161554336547852, 0.38730159401893616]], "overlaps_before_p_future": [[0.7162903547286987, 0.8271793127059937, 0.4216560423374176], [0.7247492074966431, 0.8255566358566284, 0.45690175890922546], [0.7112797498703003, 0.8228331208229065, 0.4148802161216736], [0.7066919803619385, 0.8316905498504639, 0.37456807494163513], [0.7115654945373535, 0.8203650116920471, 0.42248302698135376]], "overlaps_after_p_now": [[0.7016617655754089, 0.8188557028770447, 0.39027512073516846], [0.7152800559997559, 0.8272848129272461, 0.4176809787750244], [0.7060927748680115, 0.8224582672119141, 0.3969072103500366], [0.7067528963088989, 0.8144708871841431, 0.4205438196659088], [0.7135556936264038, 0.825433075428009, 0.4162953495979309]], "overlaps_after_p_future": [[0.7353708744049072, 0.8294966816902161, 0.4852767884731293], [0.7470600605010986, 0.8337928056716919, 0.5166093707084656], [0.7317115068435669, 0.832467794418335, 0.46399998664855957], [0.7353642582893372, 0.8241584300994873, 0.49943628907203674], [0.7323462963104248, 0.8341959118843079, 0.4617299437522888]], "overlap_spred_before_p_future": [[0.7664200663566589, 0.8502799272537231, 0.5232892632484436], [0.7807896733283997, 0.8591575026512146, 0.5535816550254822], [0.7665751576423645, 0.8434846997261047, 0.5435952544212341], [0.7711389064788818, 0.8553481698036194, 0.5269953012466431], [0.7599908113479614, 0.8559887409210205, 0.48166877031326294]]}, "gap_0": {"gap_0_p_future": [[0.7691479325294495, 0.8632201552391052, 0.4115864634513855], [0.7785744071006775, 0.8684002757072449, 0.4371531903743744], [0.7715681791305542, 0.8644397258758545, 0.4185709059238434], [0.772111177444458, 0.8639945983886719, 0.422869473695755], [0.7633366584777832, 0.8580645322799683, 0.40328335762023926]], "gap_0_p_now": [[0.7490729689598083, 0.8591666221618652, 0.33061546087265015], [0.7597957253456116, 0.8661660552024841, 0.3554905652999878], [0.7515326142311096, 0.8539319634437561, 0.3623206317424774], [0.7495369911193848, 0.8577459454536438, 0.33824288845062256], [0.7469391226768494, 0.8563574552536011, 0.33104875683784485]], "s_pred_p_now": [[0.708526611328125, 0.6554524302482605, 0.7512562870979309], [0.7189319133758545, 0.6746783256530762, 0.7545599937438965], [0.7109785676002502, 0.674876868724823, 0.7400437593460083], [0.7153725028038025, 0.6729286313056946, 0.7495437264442444], [0.7028597593307495, 0.6556216478347778, 0.7408906817436218]], "s_pred_p_future": [[0.7310713529586792, 0.685288667678833, 0.7679306864738464], [0.7338647842407227, 0.711087703704834, 0.7522023916244507], [0.7278360724449158, 0.6911703944206238, 0.7573553323745728], [0.7380481958389282, 0.6956398487091064, 0.7721909284591675], [0.7160835266113281, 0.6783448457717896, 0.7464666366577148]], "superset_p_future": [[0.7840132713317871, 0.8731117844581604, 0.40142518281936646], [0.7927629947662354, 0.8809464573860168, 0.4141041338443756], [0.7858206033706665, 0.875653088092804, 0.4000806510448456], [0.7863495349884033, 0.8789481520652771, 0.38873180747032166], [0.7797396779060364, 0.8767021298408508, 0.3633841872215271]]}, "fast_shift": {}, "slow_shift": {}, "short_long": {}}, "bal_Accs": {"ekstedt_events": {"shift_hold_p_future": [0.6846511609575018, 0.7034157449184364, 0.6907120133134547, 0.6914676913379456, 0.6717702274362893], "s_pred_p_future": [0.7175582474344822, 0.7253304455217746, 0.7156216793272168, 0.7279952328213894, 0.7174852403319741], "shift_hold_p_now": [0.6464769219581528, 0.6663089961121746, 0.6539633611558628, 0.6503768909526997, 0.639136544293839], "s_pred_p_now": [0.6848857452874786, 0.7052083188366629, 0.6957874284575288, 0.7028848860370914, 0.6997568038579175], "backchannel": [0.7365500624777309, 0.7380446642893268, 0.750210637071351, 0.7584056980496618, 0.7535207607843109], "short_long": [0.7170380316371564, 0.6823798634091001, 0.7228263087601032, 0.7416043122105247, 0.7110017364216732]}, "roddy_events": {"overlaps_before_p_now": [0.5960334764865167, 0.6020618209033048, 0.5985504389065363, 0.5980413393188745, 0.6072950620150313], "overlaps_before_p_future": [0.6343653246758301, 0.644495866024877, 0.6434015721341152, 0.6380833730020273, 0.63971530199874], "overlaps_after_p_now": [0.6159320283954348, 0.6305339989891509, 0.6184323450964522, 0.6210502627213286, 0.6308340542875265], "overlaps_after_p_future": [0.6646445360751643, 0.6795273221102276, 0.6609740469461158, 0.6649927991051954, 0.6639361202158149], "overlap_spred_before_p_future": [0.7039260786959166, 0.7262478875806583, 0.7152918358088015, 0.7176961801118567, 0.7052530643700978]}, "gap_0": {"gap_0_p_future": [0.6921030101658061, 0.7027947474615144, 0.6922558121011884, 0.6933679561863091, 0.6785166676865715], "gap_0_p_now": [0.6473914502301072, 0.6666772586358095, 0.6563067723419865, 0.653534904294313, 0.6478888692963514], "s_pred_p_now": [0.702120371904031, 0.7164377771160875, 0.7081144808384787, 0.7103603717891396, 0.6972441819384698], "s_pred_p_future": [0.7249877448985746, 0.7344877223989743, 0.7237134058363006, 0.7328130580020547, 0.7161279288974334], "superset_p_future": [0.6903887095021772, 0.7023603577091753, 0.6920769480537363, 0.6932172577666046, 0.6791943695214939]}, "fast_shift": {}, "slow_shift": {}, "short_long": {}}}