{
    "f1_score": {
        "ekstedt_events": {
            "shift_hold_p_future": [
                0.8248178958892822,
                0.8299074769020081,
                0.8275189995765686,
                0.821219801902771,
                0.8253486156463623
            ],
            "s_pred_p_future": [
                0.834071159362793,
                0.8313777446746826,
                0.8305668830871582,
                0.8291538953781128,
                0.8374030590057373
            ],
            "shift_hold_p_now": [
                0.8020855188369751,
                0.7994600534439087,
                0.8002399206161499,
                0.7995858788490295,
                0.7982727885246277
            ],
            "s_pred_p_now": [
                0.807990312576294,
                0.8200711607933044,
                0.8156706094741821,
                0.8281418085098267,
                0.8103799819946289
            ],
            "backchannel": [
                0.7166094779968262,
                0.7420696020126343,
                0.7228406667709351,
                0.7350146770477295,
                0.7274026870727539
            ],
            "short_long": [
                0.5946989059448242,
                0.6519084572792053,
                0.5971903800964355,
                0.6229298710823059,
                0.6297801733016968
            ]
        },
        "roddy_events": {
            "overlaps_before_p_now": [
                0.6826855540275574,
                0.6743537783622742,
                0.692085325717926,
                0.6734089851379395,
                0.6771919131278992
            ],
            "overlaps_before_p_future": [
                0.7763772010803223,
                0.7811598181724548,
                0.77540522813797,
                0.7619467973709106,
                0.7779365181922913
            ],
            "overlaps_after_p_now": [
                0.7269843220710754,
                0.7204596400260925,
                0.7261174321174622,
                0.7174181938171387,
                0.7202911972999573
            ],
            "overlaps_after_p_future": [
                0.8178894519805908,
                0.812156081199646,
                0.8135182857513428,
                0.81385737657547,
                0.8205214142799377
            ]
        },
        "gap_0": {
            "gap_0_p_future": [
                0.8457890152931213,
                0.8484918475151062,
                0.8458296656608582,
                0.8356336355209351,
                0.8428985476493835
            ],
            "gap_0_p_now": [
                0.8035854697227478,
                0.809217631816864,
                0.8080431222915649,
                0.8046903014183044,
                0.8033908605575562
            ],
            "s_pred_p_now": [
                0.8174774646759033,
                0.8305628299713135,
                0.8316329121589661,
                0.836059033870697,
                0.8245872259140015
            ],
            "s_pred_p_future": [
                0.8410470485687256,
                0.8373903632164001,
                0.841891884803772,
                0.8339393138885498,
                0.8439507484436035
            ],
            "superset_p_future": [
                0.8665711283683777,
                0.868249773979187,
                0.8662647008895874,
                0.8578264117240906,
                0.8652995824813843
            ]
        },
        "fast_shift": {},
        "slow_shift": {},
        "short_long": {}
    },
    "bal_Accs": {
        "ekstedt_events": {
            "shift_hold_p_future": [
                0.7871636146250861,
                0.7865166438777298,
                0.7885146704935605,
                0.7771512003712132,
                0.7908731372760396
            ],
            "s_pred_p_future": [
                0.8321705320214426,
                0.8286027798590632,
                0.8258047167189744,
                0.8261484280970388,
                0.83553918410719
            ],
            "shift_hold_p_now": [
                0.7444064309258018,
                0.7498226205445284,
                0.7458385689655442,
                0.7432061591345289,
                0.7492813566611374
            ],
            "s_pred_p_now": [
                0.8016847637487918,
                0.8167353939779747,
                0.8132546779539426,
                0.8240275184588441,
                0.8060324741876963
            ],
            "backchannel": [
                0.7130732917231136,
                0.7383198071356144,
                0.7314363608726218,
                0.7328016667531727,
                0.7352644239511608
            ],
            "short_long": [
                0.5564121675197984,
                0.6279098486686434,
                0.5535754728791429,
                0.5900282811431609,
                0.596035713031856
            ]
        },
        "roddy_events": {
            "overlaps_before_p_now": [
                0.5707194452695245,
                0.5700384840376201,
                0.5872341603013005,
                0.5631125678637317,
                0.5675381673366028
            ],
            "overlaps_before_p_future": [
                0.7011520566974807,
                0.7167966545996013,
                0.685536642848156,
                0.6867859364859893,
                0.7097032003448474
            ],
            "overlaps_after_p_now": [
                0.6214813219900325,
                0.6157013662892629,
                0.6224722827160798,
                0.6069602020314695,
                0.6172974097099451
            ],
            "overlaps_after_p_future": [
                0.7533141194176852,
                0.7569554244939377,
                0.7407407647605373,
                0.7480184028151586,
                0.7592032450937284
            ]
        },
        "gap_0": {
            "gap_0_p_future": [
                0.754636931295545,
                0.7610080450969965,
                0.7565086171647292,
                0.7483083163443556,
                0.7547186018418213
            ],
            "gap_0_p_now": [
                0.6821604529452172,
                0.699917145620555,
                0.6840019345912656,
                0.7059091539608244,
                0.6836625331707773
            ],
            "s_pred_p_now": [
                0.8120558124126944,
                0.8258108472966491,
                0.8282990876651446,
                0.8334154728314933,
                0.8221926004080566
            ],
            "s_pred_p_future": [
                0.8390274475974735,
                0.8347289468367955,
                0.839848802686165,
                0.8301751713559983,
                0.8425612013063172
            ],
            "superset_p_future": [
                0.7676130981200529,
                0.7758005810026551,
                0.7678980542869975,
                0.7525573454727706,
                0.7732596488298584
            ]
        },
        "fast_shift": {},
        "slow_shift": {},
        "short_long": {}
    }
}