{"f1_score": {"ekstedt_events": {"shift_hold_p_future": [0.8223357200622559, 0.8215381503105164], "s_pred_p_future": [0.8314284086227417, 0.8360642194747925], "shift_hold_p_now": [0.8028934001922607, 0.8004938364028931], "s_pred_p_now": [0.8356986045837402, 0.8216642737388611], "backchannel": [0.7239202260971069, 0.7518084049224854], "short_long": [0.6032524108886719, 0.6765477657318115]}, "roddy_events": {"overlaps_before_p_now": [0.675797164440155, 0.6869161128997803], "overlaps_before_p_future": [0.7623805999755859, 0.778209924697876], "overlaps_after_p_now": [0.7095048427581787, 0.7199138402938843], "overlaps_after_p_future": [0.8145022988319397, 0.8113987445831299]}, "gap_0": {"gap_0_p_future": [0.8420162200927734, 0.841590940952301], "gap_0_p_now": [0.8118732571601868, 0.8078315854072571], "s_pred_p_now": [0.8445223569869995, 0.8365004062652588], "s_pred_p_future": [0.8463276624679565, 0.8439770340919495], "superset_p_future": [0.8611328601837158, 0.8630760908126831]}, "fast_shift": {}, "slow_shift": {}, "short_long": {}}, "bal_Accs": {"ekstedt_events": {"shift_hold_p_future": [0.7838938211657169, 0.7872200721036569], "s_pred_p_future": [0.827668951117452, 0.832208578766639], "shift_hold_p_now": [0.7541995664633772, 0.7546609199344895], "s_pred_p_now": [0.8322856823476121, 0.8181020465333018], "backchannel": [0.7239844772731181, 0.753421202998658], "short_long": [0.5605412213052066, 0.6487575296650585]}, "roddy_events": {"overlaps_before_p_now": [0.5610156396258043, 0.5830619216423315], "overlaps_before_p_future": [0.6689810701424657, 0.6952921150742334], "overlaps_after_p_now": [0.6019636760146431, 0.6119041967532634], "overlaps_after_p_future": [0.7471541224960623, 0.7431319114862811]}, "gap_0": {"gap_0_p_future": [0.7584102410847096, 0.7636788183550215], "gap_0_p_now": [0.7062247646440797, 0.6996749287912942], "s_pred_p_now": [0.839969079804646, 0.8331937081543339], "s_pred_p_future": [0.8446498344125163, 0.8404495898849457], "superset_p_future": [0.7646766507930707, 0.7706622480206404]}, "fast_shift": {}, "slow_shift": {}, "short_long": {}}}