{"f1_score": {"ekstedt_events": {"shift_hold_p_future": [[0.8582696318626404, 0.9015592932701111, 0.7473954558372498], [0.8544129729270935, 0.8988168835639954, 0.7406848669052124], [0.8446156978607178, 0.8935350179672241, 0.7193225622177124], [0.8557562232017517, 0.899634838104248, 0.7433735132217407], [0.8443070650100708, 0.895971417427063, 0.7119833827018738]], "s_pred_p_future": [[0.8836508989334106, 0.8711045384407043, 0.8938174247741699], [0.879947304725647, 0.8688703179359436, 0.8889230489730835], [0.8737342357635498, 0.859002947807312, 0.8856711983680725], [0.8700320720672607, 0.85447758436203, 0.8826361894607544], [0.8658771514892578, 0.8518927097320557, 0.8772090077400208]], "shift_hold_p_now": [[0.8419971466064453, 0.8897280097007751, 0.7197480797767639], [0.8399561643600464, 0.8888627290725708, 0.7146956920623779], [0.8315942287445068, 0.886326789855957, 0.6914123892784119], [0.828923225402832, 0.8834284543991089, 0.6893234252929688], [0.831228494644165, 0.8846243619918823, 0.6944701671600342]], "s_pred_p_now": [[0.8879311084747314, 0.8722147941589355, 0.9006661772727966], [0.8803313374519348, 0.865693986415863, 0.8921921849250793], [0.8781445026397705, 0.8615851402282715, 0.8915627002716064], [0.8611862659454346, 0.8462955951690674, 0.873252272605896], [0.8669207096099854, 0.8515697717666626, 0.879359781742096]], "backchannel": [[0.7297308444976807, 0.7512780427932739, 0.692540168762207], [0.7196476459503174, 0.743808925151825, 0.6779449582099915], [0.7174270749092102, 0.7420101165771484, 0.674996554851532], [0.7031723260879517, 0.7213766574859619, 0.6717516183853149], [0.7128123044967651, 0.737301230430603, 0.6705442667007446]], "short_long": [[0.6384090781211853, 0.5313864350318909, 0.6994574069976807], [0.6048719882965088, 0.47349125146865845, 0.6798147559165955], [0.6279364824295044, 0.468393474817276, 0.7189435958862305], [0.5934982895851135, 0.4660382568836212, 0.6662045121192932], [0.6056691408157349, 0.4618065655231476, 0.6877317428588867]]}, "roddy_events": {"overlaps_before_p_now": [[0.6950657963752747, 0.7982612252235413, 0.4208735227584839], [0.6831321716308594, 0.7996131777763367, 0.37363967299461365], [0.6940569877624512, 0.8030421137809753, 0.4044811427593231], [0.7027415037155151, 0.8105590343475342, 0.41626793146133423], [0.6942539811134338, 0.820195198059082, 0.3596256673336029]], "overlaps_before_p_future": [[0.7910105586051941, 0.8650653958320618, 0.594245433807373], [0.7996426820755005, 0.8729667067527771, 0.6048192977905273], [0.7958724498748779, 0.8662996292114258, 0.6087456941604614], [0.8090790510177612, 0.8771929740905762, 0.6280992031097412], [0.7863582372665405, 0.8555444478988647, 0.6025288701057434]], "overlaps_after_p_now": [[0.7438133358955383, 0.8385477066040039, 0.4921020567417145], [0.745624840259552, 0.8476370573043823, 0.47457626461982727], [0.734214186668396, 0.8417876958847046, 0.4483892321586609], [0.7533619403839111, 0.8584712743759155, 0.4740843176841736], [0.7354507446289062, 0.8517152070999146, 0.4265335202217102]], "overlaps_after_p_future": [[0.8359688520431519, 0.891566276550293, 0.6882452964782715], [0.8379535675048828, 0.894551157951355, 0.6875725984573364], [0.8326815962791443, 0.8927807211875916, 0.6729970574378967], [0.8414905667304993, 0.89984530210495, 0.6864407062530518], [0.8283444046974182, 0.8859406113624573, 0.6753100156784058]], "overlap_spred_before_p_future": [[0.8660373687744141, 0.9107964038848877, 0.7362697124481201], [0.8730463981628418, 0.9160557389259338, 0.7483516335487366], [0.867686927318573, 0.9136926531791687, 0.7343049049377441], [0.8714178204536438, 0.9170289635658264, 0.7391799688339233], [0.8569486141204834, 0.9047093391418457, 0.718478262424469]]}, "gap_0": {"gap_0_p_future": [[0.8772110342979431, 0.9234657287597656, 0.7014005780220032], [0.8760141730308533, 0.920433759689331, 0.7071787714958191], [0.8696521520614624, 0.9190444946289062, 0.6819155216217041], [0.8757577538490295, 0.9225378632545471, 0.6979504823684692], [0.8674076795578003, 0.9178223609924316, 0.6757856607437134]], "gap_0_p_now": [[0.8540392518043518, 0.9118147492408752, 0.6344389319419861], [0.8496015667915344, 0.907360315322876, 0.6300650835037231], [0.8435238599777222, 0.9041752219200134, 0.6129924058914185], [0.8384154438972473, 0.9008932113647461, 0.6009421944618225], [0.8394566178321838, 0.9009524583816528, 0.6057155728340149]], "s_pred_p_now": [[0.894432544708252, 0.8802981972694397, 0.9058120846748352], [0.8866025805473328, 0.8711062073707581, 0.8990786075592041], [0.8873333930969238, 0.8719368577003479, 0.8997290134429932], [0.8698657155036926, 0.8526939749717712, 0.883690595626831], [0.8739022016525269, 0.8554654717445374, 0.8887454271316528]], "s_pred_p_future": [[0.8873503804206848, 0.8744753003120422, 0.8977159857749939], [0.879025936126709, 0.8659488558769226, 0.8895542025566101], [0.8765915632247925, 0.8631834387779236, 0.8873863816261292], [0.8767185211181641, 0.8619657158851624, 0.8885959386825562], [0.8733055591583252, 0.8568678498268127, 0.8865395188331604]], "superset_p_future": [[0.8805768489837646, 0.9281725883483887, 0.676201343536377], [0.8801923990249634, 0.9274446368217468, 0.6772915720939636], [0.8752267956733704, 0.9268824458122253, 0.6534181237220764], [0.8810510635375977, 0.9275134205818176, 0.6815423369407654], [0.8718591928482056, 0.922663152217865, 0.6537075638771057]]}, "fast_shift": {}, "slow_shift": {}, "short_long": {}}, "bal_Accs": {"ekstedt_events": {"shift_hold_p_future": [0.8403152770244195, 0.8381603944893524, 0.8244702903703994, 0.8388019857977129, 0.825319123234532], "s_pred_p_future": [0.8831303874303431, 0.8807212652798646, 0.8730727471725319, 0.8686482698495144, 0.8657388161648611], "shift_hold_p_now": [0.819533456701801, 0.818343979296368, 0.8079801261153547, 0.8076238936287132, 0.8035923503028181], "s_pred_p_now": [0.8848109536916118, 0.8793224020582504, 0.8775866736280613, 0.8604449314328068, 0.8655811859181701], "backchannel": [0.7651949003923257, 0.7448573402664271, 0.7474777177601697, 0.7430028987704106, 0.7406583628881205], "short_long": [0.6379158101503125, 0.6023322453121187, 0.6176109022931643, 0.5924036296788953, 0.6079458181759891]}, "roddy_events": {"overlaps_before_p_now": [0.616733833223731, 0.6024368900262742, 0.615325216275449, 0.6164355073507063, 0.614509359866177], "overlaps_before_p_future": [0.7432726434742081, 0.7536448720160387, 0.7388645544330144, 0.7652730957189373, 0.7425642276148587], "overlaps_after_p_now": [0.6667248185940896, 0.6523011949896818, 0.6602130997917339, 0.6675940710110697, 0.6510968664109711], "overlaps_after_p_future": [0.7971074928650395, 0.7905248676232983, 0.788855539803373, 0.8080430817149155, 0.7875061556733582], "overlap_spred_before_p_future": [0.8310585573537947, 0.8392330506207988, 0.8418339266928576, 0.8406373018090036, 0.8196583279346532]}, "gap_0": {"gap_0_p_future": [0.8442553012530938, 0.8461538388414191, 0.8322904996805172, 0.8413068658825517, 0.8307099429767588], "gap_0_p_now": [0.8093058400290041, 0.8041725290068278, 0.7960116660548082, 0.7872706741506554, 0.782879502311466], "s_pred_p_now": [0.8922537227264153, 0.8844017212672923, 0.8865018435310776, 0.8692002493147196, 0.8707576285612799], "s_pred_p_future": [0.8879169247737833, 0.8787111175790814, 0.8771988572117921, 0.8754406570649224, 0.8718006286484059], "superset_p_future": [0.8382184675629383, 0.8404292404957449, 0.827780234644161, 0.8384785143175297, 0.8260877558597202]}, "fast_shift": {}, "slow_shift": {}, "short_long": {}}}