{
    "f1_score": {
        "ekstedt_events": {
            "shift_hold_p_future": [
                [
                    0.8229151368141174,
                    0.9013128876686096,
                    0.4973703920841217
                ],
                [
                    0.8147569894790649,
                    0.8910564184188843,
                    0.4979253113269806
                ],
                [
                    0.8202954530715942,
                    0.9002504944801331,
                    0.4882842004299164
                ],
                [
                    0.8261949419975281,
                    0.9015712738037109,
                    0.5131964683532715
                ],
                [
                    0.8235228657722473,
                    0.8985852599143982,
                    0.5118279457092285
                ]
            ],
            "s_pred_p_future": [
                [
                    0.7240740060806274,
                    0.7446686029434204,
                    0.7024849057197571
                ],
                [
                    0.717747151851654,
                    0.759956955909729,
                    0.6734992861747742
                ],
                [
                    0.7278022170066833,
                    0.7641921639442444,
                    0.6896551847457886
                ],
                [
                    0.7364882230758667,
                    0.7564767003059387,
                    0.7155346274375916
                ],
                [
                    0.733718991279602,
                    0.7558605074882507,
                    0.7105084657669067
                ]
            ],
            "shift_hold_p_now": [
                [
                    0.7817854881286621,
                    0.8767772316932678,
                    0.38733431696891785
                ],
                [
                    0.7810483574867249,
                    0.8682498931884766,
                    0.41894596815109253
                ],
                [
                    0.7812132239341736,
                    0.8743299841880798,
                    0.39454805850982666
                ],
                [
                    0.7848771810531616,
                    0.8704992532730103,
                    0.42933332920074463
                ],
                [
                    0.794426679611206,
                    0.885777473449707,
                    0.4150943458080292
                ]
            ],
            "s_pred_p_now": [
                [
                    0.8361737728118896,
                    0.8415366411209106,
                    0.8305519819259644
                ],
                [
                    0.8262540102005005,
                    0.8317307829856873,
                    0.8205128312110901
                ],
                [
                    0.8139054775238037,
                    0.8143564462661743,
                    0.8134328126907349
                ],
                [
                    0.8268948793411255,
                    0.831826388835907,
                    0.8217252492904663
                ],
                [
                    0.8221776485443115,
                    0.832748532295227,
                    0.8110964298248291
                ]
            ],
            "backchannel": [
                [
                    0.6775148510932922,
                    0.7024221420288086,
                    0.6453608274459839
                ],
                [
                    0.687884509563446,
                    0.699999988079071,
                    0.6722440719604492
                ],
                [
                    0.6686719655990601,
                    0.6707146167755127,
                    0.6660350561141968
                ],
                [
                    0.678038477897644,
                    0.6838709712028503,
                    0.6705090999603271
                ],
                [
                    0.6844461560249329,
                    0.6886005401611328,
                    0.6790831089019775
                ]
            ],
            "short_long": [
                [
                    0.4537627398967743,
                    0.29218751192092896,
                    0.6015831232070923
                ],
                [
                    0.46322768926620483,
                    0.2898785471916199,
                    0.6218197345733643
                ],
                [
                    0.4693390429019928,
                    0.3168469965457916,
                    0.6088495850563049
                ],
                [
                    0.45843052864074707,
                    0.2805872857570648,
                    0.6211340427398682
                ],
                [
                    0.4605333209037781,
                    0.29120001196861267,
                    0.6154513955116272
                ]
            ]
        },
        "roddy_events": {
            "overlaps_before_p_now": [
                [
                    0.5275672674179077,
                    0.27491408586502075,
                    0.6981402039527893
                ],
                [
                    0.5250520706176758,
                    0.2985553741455078,
                    0.6779661178588867
                ],
                [
                    0.5303273797035217,
                    0.29048413038253784,
                    0.692251980304718
                ],
                [
                    0.5111072063446045,
                    0.3171806037425995,
                    0.6420323252677917
                ],
                [
                    0.5222825407981873,
                    0.3470839262008667,
                    0.6405638456344604
                ]
            ],
            "overlaps_before_p_future": [
                [
                    0.6455335021018982,
                    0.5274725556373596,
                    0.725239634513855
                ],
                [
                    0.6377838850021362,
                    0.5904977321624756,
                    0.6697080135345459
                ],
                [
                    0.6361724138259888,
                    0.5415070056915283,
                    0.7000835537910461
                ],
                [
                    0.6626262664794922,
                    0.5814536213874817,
                    0.7174280881881714
                ],
                [
                    0.6565194129943848,
                    0.5805658102035522,
                    0.7077977657318115
                ]
            ],
            "overlaps_after_p_now": [
                [
                    0.5367556810379028,
                    0.48383501172065735,
                    0.5724838376045227
                ],
                [
                    0.5209155678749084,
                    0.43896713852882385,
                    0.576241135597229
                ],
                [
                    0.5322176814079285,
                    0.5094736814498901,
                    0.5475727915763855
                ],
                [
                    0.5417534112930298,
                    0.4842342436313629,
                    0.5805860757827759
                ],
                [
                    0.5297350883483887,
                    0.4695259630680084,
                    0.5703839063644409
                ]
            ],