{"f1_score": {"ekstedt_events": {"shift_hold_p_future": [[0.8319346904754639, 0.8845614194869995, 0.6971463561058044], [0.8242007493972778, 0.8808639049530029, 0.6790741086006165], [0.8306299448013306, 0.8854607939720154, 0.6901960968971252], [0.8325629830360413, 0.8858340978622437, 0.6961240172386169], [0.8285819292068481, 0.8783510327339172, 0.7011123895645142]], "s_pred_p_future": [[0.8367491960525513, 0.8160120248794556, 0.8535527586936951], [0.840233564376831, 0.818371593952179, 0.8579486608505249], [0.8310110569000244, 0.8122803568840027, 0.8461888432502747], [0.8423895835876465, 0.8237047791481018, 0.8575301170349121], [0.838074803352356, 0.8160091042518616, 0.8559548854827881]], "shift_hold_p_now": [[0.8097202777862549, 0.872976541519165, 0.6477072834968567], [0.8022412657737732, 0.8661444783210754, 0.6385712027549744], [0.8038926124572754, 0.8635051250457764, 0.6512117981910706], [0.8052396178245544, 0.8684210777282715, 0.6434181332588196], [0.8022392392158508, 0.8624264001846313, 0.6480867862701416]], "s_pred_p_now": [[0.8302172422409058, 0.8045445680618286, 0.851020097732544], [0.8267190456390381, 0.8006158471107483, 0.8478707671165466], [0.8173320293426514, 0.7896764278411865, 0.8397417068481445], [0.8110754489898682, 0.785687267780304, 0.8316478133201599], [0.819506049156189, 0.7933409810066223, 0.8407079577445984]], "backchannel": [[0.7351980209350586, 0.760438859462738, 0.6916321516036987], [0.7440091371536255, 0.7769064903259277, 0.6872279047966003], [0.7345558404922485, 0.7738009095191956, 0.6668186187744141], [0.7316899299621582, 0.764478325843811, 0.675096869468689], [0.7295867800712585, 0.7613315582275391, 0.6747949719429016]], "short_long": [[0.6249445080757141, 0.46466511487960815, 0.7163716554641724], [0.6350051760673523, 0.4704771041870117, 0.7288559079170227], [0.6113255023956299, 0.4486181139945984, 0.7041376233100891], [0.6491780281066895, 0.48586487770080566, 0.7423357367515564], [0.6166906356811523, 0.4432176649570465, 0.7156436443328857]]}, "roddy_events": {"overlaps_before_p_now": [[0.6870337724685669, 0.8021659255027771, 0.38112524151802063], [0.6845234036445618, 0.8064146637916565, 0.3606557250022888], [0.6799890995025635, 0.8117139339447021, 0.3299933075904846], [0.6846731305122375, 0.7951429486274719, 0.3911525011062622], [0.6789793372154236, 0.803281843662262, 0.348704993724823]], "overlaps_before_p_future": [[0.7857425808906555, 0.8599489331245422, 0.5885747075080872], [0.7712416648864746, 0.8428053259849548, 0.5810955762863159], [0.7836633920669556, 0.8683409690856934, 0.5586734414100647], [0.7832970023155212, 0.8591576814651489, 0.5817335844039917], [0.7886329889297485, 0.8642119765281677, 0.5878178477287292]], "overlaps_after_p_now": [[0.7372946739196777, 0.8433962464332581, 0.4553805887699127], [0.7249281406402588, 0.8391084671020508, 0.4215488135814667], [0.7270780801773071, 0.8437093496322632, 0.4171864092350006], [0.7222694754600525, 0.8417733311653137, 0.40474528074264526], [0.725182831287384, 0.8346903920173645, 0.4342190623283386]], "overlaps_after_p_future": [[0.8214355707168579, 0.8818181753158569, 0.660997748374939], [0.814380407333374, 0.8793103694915771, 0.6418604850769043], [0.8161696195602417, 0.8757491111755371, 0.6578657627105713], [0.8249239921569824, 0.8857927918434143, 0.6631944179534912], [0.8225407004356384, 0.8810660243034363, 0.667037844657898]]}, "gap_0": {"gap_0_p_future": [[0.849288821220398, 0.9075759649276733, 0.6277439594268799], [0.8435141444206238, 0.9055062532424927, 0.6078869700431824], [0.8453240394592285, 0.9040247797966003, 0.6222071647644043], [0.8505827188491821, 0.9087490439414978, 0.6294968128204346], [0.8453009128570557, 0.9036518335342407, 0.6235135793685913]], "gap_0_p_now": [[0.8136727213859558, 0.8897150158882141, 0.5246419310569763], [0.8069812059402466, 0.8849042654037476, 0.5108017325401306], [0.8061614036560059, 0.881075382232666, 0.5214195251464844], [0.8055214881896973, 0.8845980167388916, 0.5049576759338379], [0.8080151677131653, 0.8864928483963013, 0.5097275972366333]], "s_pred_p_now": [[0.8414992094039917, 0.8153319954872131, 0.8625662922859192], [0.8338288068771362, 0.8073654174804688, 0.8551341891288757], [0.828082799911499, 0.7978094816207886, 0.8524555563926697], [0.8256117105484009, 0.8020458817481995, 0.8445843458175659], [0.832402229309082, 0.8044533133506775, 0.8549036383628845]], "s_pred_p_future": [[0.8444579839706421, 0.8283072113990784, 0.8574607968330383], [0.8460522294044495, 0.8302997946739197, 0.8587344288825989], [0.8447340726852417, 0.8274372220039368, 0.858659565448761], [0.845757782459259, 0.8225217461585999, 0.8644649386405945], [0.8441067934036255, 0.8229109048843384, 0.8611713647842407]], "superset_p_future": [[0.8672255873680115, 0.9226520657539368, 0.6292247772216797], [0.8632450699806213, 0.9172495603561401, 0.6313503384590149], [0.8653367757797241, 0.9189532399177551, 0.6351081132888794], [0.8700287938117981, 0.9225742816925049, 0.6443992853164673], [0.8654027581214905, 0.9199064373970032, 0.6313645839691162]]}, "fast_shift": {}, "slow_shift": {}, "short_long": {}}, "bal_Accs": {"ekstedt_events": {"shift_hold_p_future": [0.8105374546014408, 0.7992983152094175, 0.8053182625242927, 0.8132046976314987, 0.8093053500242945], "s_pred_p_future": [0.8341691084671179, 0.8395277512286068, 0.8296233080421617, 0.8405215681274671, 0.8353304881700436], "shift_hold_p_now": [0.7782540386271416, 0.7719787366222406, 0.7739713837990756, 0.7715408005769884, 0.7773582998955928], "s_pred_p_now": [0.8258465232457757, 0.8226673753761464, 0.8128595641885628, 0.8079354287250906, 0.815930071204652], "backchannel": [0.7574885606454874, 0.7640008976044803, 0.7524024683895703, 0.7563579992344784, 0.7554395130510321], "short_long": [0.6035181494270654, 0.626191448135552, 0.6071849474456349, 0.627766048329305, 0.6010721177017947]}, "roddy_events": {"overlaps_before_p_now": [0.5967170318564473, 0.5898410528395651, 0.6000007782414079, 0.6009292634766552, 0.5928489558810622], "overlaps_before_p_future": [0.7344731111108229, 0.7176075389109895, 0.7191393774155208, 0.7302775252096172, 0.7393371199101391], "overlaps_after_p_now": [0.6421948655955471, 0.6226439281821534, 0.6358673305930589, 0.626670246577143, 0.6293964694646175], "overlaps_after_p_future": [0.7757512515635085, 0.7688752725466264, 0.773969294917608, 0.782302963327103, 0.7869127465998417]}, "gap_0": {"gap_0_p_future": [0.806146881349953, 0.7990223730780013, 0.8000019379881316, 0.8083826909800481, 0.8044019188642827], "gap_0_p_now": [0.7550867498750131, 0.7504034095307848, 0.7420985790300914, 0.7421662248290324, 0.755116580189386], "s_pred_p_now": [0.8363310859264521, 0.8290130909376396, 0.8253289010716511, 0.8232449354357214, 0.8299705207364934], "s_pred_p_future": [0.8442777532569368, 0.8458049734648332, 0.8436979098350061, 0.8445238127152421, 0.8410872381309822], "superset_p_future": [0.818801768393035, 0.8111816317993308, 0.8166285473381476, 0.8205756252262502, 0.8164002006271665]}, "fast_shift": {}, "slow_shift": {}, "short_long": {}}}