{"f1_score": {"ekstedt_events": {"shift_hold_p_future": [[0.8071303963661194, 0.8947213888168335, 0.44341084361076355], [0.8186843991279602, 0.8963876962661743, 0.49602314829826355], [0.813430666923523, 0.8942920565605164, 0.47765567898750305], [0.7982252836227417, 0.8830819725990295, 0.4458598792552948], [0.8109222650527954, 0.893849790096283, 0.46656760573387146]], "s_pred_p_future": [[0.7156949043273926, 0.7542234063148499, 0.675305962562561], [0.7321053743362427, 0.7525891661643982, 0.7106325626373291], [0.7372971177101135, 0.7557870149612427, 0.7179144620895386], [0.6942298412322998, 0.7209567427635193, 0.6662125587463379], [0.7209450006484985, 0.7526403665542603, 0.6877192854881287]], "shift_hold_p_now": [[0.788704514503479, 0.8810299038887024, 0.40532544255256653], [0.7947022914886475, 0.8927847146987915, 0.3874172270298004], [0.7960533499717712, 0.8808026313781738, 0.44413408637046814], [0.7773590683937073, 0.8696433901786804, 0.39415040612220764], [0.7935045957565308, 0.8823878765106201, 0.4244185984134674]], "s_pred_p_now": [[0.7640644311904907, 0.7740784883499146, 0.7535668015480042], [0.7906619906425476, 0.8009450435638428, 0.7798824310302734], [0.7831425666809082, 0.7945850491523743, 0.7711475491523743], [0.7529504299163818, 0.7695879340171814, 0.7355096340179443], [0.7715326547622681, 0.7809523940086365, 0.7616580128669739]], "backchannel": [[0.7236931324005127, 0.7675718665122986, 0.6670480370521545], [0.7404278516769409, 0.7829888463020325, 0.6854838728904724], [0.7371103763580322, 0.7559808492660522, 0.7127496004104614], [0.7492245435714722, 0.7686986327171326, 0.7240845561027527], [0.7207649946212769, 0.739054262638092, 0.6971544623374939]], "short_long": [[0.7267199754714966, 0.7648809552192688, 0.6918075680732727], [0.7492475509643555, 0.7676130533218384, 0.7324455380439758], [0.7502129673957825, 0.7795753479003906, 0.7233502268791199], [0.7690318822860718, 0.7829787135124207, 0.7562723755836487], [0.6825120449066162, 0.7202020287513733, 0.6480305194854736]]}, "roddy_events": {"overlaps_before_p_now": [[0.5506383180618286, 0.36006051301956177, 0.6793025135993958], [0.5490090250968933, 0.3762662708759308, 0.6656322479248047], [0.5506383180618286, 0.36006051301956177, 0.6793025135993958], [0.5611568689346313, 0.3918722867965698, 0.6754453778266907], [0.5452471971511841, 0.3548872172832489, 0.6737642288208008]], "overlaps_before_p_future": [[0.6254814267158508, 0.5441176295280457, 0.6804123520851135], [0.6286845803260803, 0.5759999752044678, 0.6642534136772156], [0.6360792517662048, 0.5724381804466248, 0.6790450811386108], [0.6243554949760437, 0.5634458661079407, 0.6654772758483887], [0.628997266292572, 0.5445544719696045, 0.6860068440437317]], "overlaps_after_p_now": [[0.5435124039649963, 0.5185185074806213, 0.5603864789009094], [0.5494949817657471, 0.4411027431488037, 0.6226734519004822], [0.5535115003585815, 0.4708680212497711, 0.6093063950538635], [0.5295511484146118, 0.3866666555404663, 0.6260162591934204], [0.5415320992469788, 0.43896424770355225, 0.6107784509658813]], "overlaps_after_p_future": [[0.6802626848220825, 0.658823549747467, 0.6947368383407593], [0.6955093145370483, 0.6194690465927124, 0.746846079826355], [0.704105019569397, 0.640586793422699, 0.7469879388809204], [0.6622066497802734, 0.5627477169036865, 0.7293540239334106], [0.6744529008865356, 0.578599750995636, 0.7391659617424011]]}, "gap_0": {"gap_0_p_future": [[0.8208544254302979, 0.905918300151825, 0.37848222255706787], [0.8222483992576599, 0.9100086688995361, 0.3658536672592163], [0.8237034678459167, 0.9013668298721313, 0.4198174774646759], [0.8119326829910278, 0.9039947986602783, 0.33316609263420105], [0.8253225088119507, 0.907953143119812, 0.3956044018268585]], "gap_0_p_now": [[0.8037427663803101, 0.8927233815193176, 0.34100136160850525], [0.8041247129440308, 0.8902357816696167, 0.35630688071250916], [0.8037059307098389, 0.8802912831306458, 0.4054257869720459], [0.7964273691177368, 0.8878751993179321, 0.32085561752319336], [0.8106826543807983, 0.8913528919219971, 0.3911592960357666]], "s_pred_p_now": [[0.77080899477005, 0.7776917219161987, 0.764174222946167], [0.798660159111023, 0.7972701787948608, 0.800000011920929], [0.7930321097373962, 0.7942925095558167, 0.7918170690536499], [0.7629542350769043, 0.7533222436904907, 0.7722392678260803], [0.7778410911560059, 0.7802761197090149, 0.7754937410354614]], "s_pred_p_future": [[0.7207576632499695, 0.7473568916320801, 0.6951165795326233], [0.7349932193756104, 0.7412315011024475, 0.7289795875549316], [0.739234447479248, 0.739234447479248, 0.739234447479248], [0.7014669179916382, 0.7172099947929382, 0.686290979385376], [0.727558970451355, 0.7471135854721069, 0.7087087035179138]], "superset_p_future": [[0.8204798698425293, 0.8960381150245667, 0.4773884415626526], [0.8225189447402954, 0.8957385420799255, 0.49004682898521423], [0.8199405670166016, 0.8996466398239136, 0.4580152630805969], [0.8074578642845154, 0.8928655385971069, 0.4196428656578064], [0.8212738633155823, 0.9020573496818542, 0.4544564187526703]]}, "fast_shift": {}, "slow_shift": {}, "short_long": {}}, "bal_Accs": {"ekstedt_events": {"shift_hold_p_future": [0.7097327439931942, 0.7238416806769739, 0.7255122251271038, 0.6951224301260228, 0.7135989278032409], "s_pred_p_future": [0.7173609025451465, 0.7329806322436564, 0.7382595972430788, 0.6943098070925262, 0.7224057602710716], "shift_hold_p_now": [0.6969399467167667, 0.725239276865963, 0.7138452422240851, 0.688079043016957, 0.7088917367441239], "s_pred_p_now": [0.7636687074044126, 0.7901975280120134, 0.7828493319471719, 0.7525925070270687, 0.77114627854145], "backchannel": [0.7202800284957689, 0.7380377137182661, 0.7411184589257959, 0.7502167765240919, 0.7249474699211329], "short_long": [0.7407015352747655, 0.7573539864343446, 0.7611756732057999, 0.7749583688721011, 0.6946902542544982]}, "roddy_events": {"overlaps_before_p_now": [0.5281414195386944, 0.5258514306069743, 0.528624861646502, 0.5380392605880182, 0.5378293449359439], "overlaps_before_p_future": [0.6187740925918859, 0.6262801674236352, 0.6357963436510057, 0.6241746498225258, 0.6180998180731015], "overlaps_after_p_now": [0.564787603526583, 0.5671730086637914, 0.5698573845781967, 0.5530959378140783, 0.5793544775644696], "overlaps_after_p_future": [0.6930715112654733, 0.6987074284696513, 0.7048840375049299, 0.6593577853262598, 0.683262725341272]}, "gap_0": {"gap_0_p_future": [0.7020162708652273, 0.7120296461659299, 0.7115487815246098, 0.677037428084028, 0.7000273095269568], "gap_0_p_now": [0.7015517376983611, 0.718120460719738, 0.7138708577750259, 0.6861796341914805, 0.7033888811784414], "s_pred_p_now": [0.7719332284554516, 0.7987887304411551, 0.7934388134253019, 0.7629792740016298, 0.7788235526120764], "s_pred_p_future": [0.7256469042046785, 0.7384396308620873, 0.741209691937656, 0.7038855919291953, 0.7308066160852476], "superset_p_future": [0.7218797045904515, 0.7307378908048863, 0.7310985649429813, 0.7021349825466039, 0.7220566693129014]}, "fast_shift": {}, "slow_shift": {}, "short_long": {}}}