{"f1_score": {"ekstedt_events": {"shift_hold_p_future": [[0.709295928478241, 0.7894324064254761, 0.5040488839149475], [0.7245016694068909, 0.8161501884460449, 0.4897698163986206], [0.7110202312469482, 0.8092564940452576, 0.45941558480262756], [0.7020077705383301, 0.8016794919967651, 0.44672656059265137], [0.7213214635848999, 0.8205999135971069, 0.4670477509498596]], "s_pred_p_future": [[0.687996506690979, 0.661252498626709, 0.709667444229126], [0.6789904832839966, 0.6453391909599304, 0.7062585949897766], [0.6633105278015137, 0.6326863765716553, 0.6881256699562073], [0.6935876607894897, 0.6702432036399841, 0.7125039100646973], [0.6756160259246826, 0.6410019993782043, 0.7036643028259277]], "shift_hold_p_now": [[0.7225951552391052, 0.805070161819458, 0.5113585591316223], [0.7339296340942383, 0.8164820075035095, 0.5224950313568115], [0.7132775783538818, 0.8188092708587646, 0.44298774003982544], [0.7068109512329102, 0.8033950924873352, 0.4594379961490631], [0.7198120355606079, 0.8174833655357361, 0.469654381275177]], "s_pred_p_now": [[0.7496353387832642, 0.7078849673271179, 0.7834662795066833], [0.7460814118385315, 0.7158836722373962, 0.7705510258674622], [0.716628909111023, 0.6816479563713074, 0.7449744939804077], [0.7521560192108154, 0.7188032865524292, 0.7791821360588074], [0.7440787553787231, 0.7238163352012634, 0.7604976892471313]], "backchannel": [[0.7230063676834106, 0.7729859352111816, 0.6367412209510803], [0.7139294147491455, 0.7825430035591125, 0.5955016613006592], [0.7019546627998352, 0.7666345238685608, 0.5903165936470032], [0.7436223030090332, 0.7811806201934814, 0.6787961721420288], [0.6830705404281616, 0.7635973691940308, 0.5440806150436401]], "short_long": [[0.6328384280204773, 0.5076026916503906, 0.7042758464813232], [0.5833805203437805, 0.4351958632469177, 0.6679085493087769], [0.5776749849319458, 0.4422433078289032, 0.6549283862113953], [0.6503803730010986, 0.498760849237442, 0.7368677854537964], [0.5432782173156738, 0.4322563707828522, 0.6066076755523682]]}, "roddy_events": {"overlaps_before_p_now": [[0.6493546962738037, 0.8086273074150085, 0.2261640727519989], [0.6650505065917969, 0.7994707822799683, 0.3078930079936981], [0.6469389200210571, 0.7829576134681702, 0.2855345904827118], [0.6557099223136902, 0.7928030490875244, 0.29145076870918274], [0.6554117202758789, 0.8086045384407043, 0.24837544560432434]], "overlaps_before_p_future": [[0.6782359480857849, 0.8055397272109985, 0.3399871289730072], [0.6976283192634583, 0.8220052719116211, 0.3671562075614929], [0.6852066516876221, 0.8070979118347168, 0.3613392412662506], [0.6830822229385376, 0.8086478114128113, 0.3494519591331482], [0.689188539981842, 0.8192861080169678, 0.34351661801338196]], "overlaps_after_p_now": [[0.642582893371582, 0.8041727542877197, 0.2132352888584137], [0.659701943397522, 0.8188576698303223, 0.2368219941854477], [0.6397781372070312, 0.806257963180542, 0.1974378228187561], [0.6581597328186035, 0.8155162930488586, 0.2400600165128708], [0.6459474563598633, 0.7925023436546326, 0.2565480172634125]], "overlaps_after_p_future": [[0.6762661933898926, 0.8066465258598328, 0.3298429250717163], [0.7092586159706116, 0.8230593800544739, 0.4068877696990967], [0.6742023229598999, 0.8027340173721313, 0.3326910734176636], [0.697131872177124, 0.8172165155410767, 0.37806451320648193], [0.6836689710617065, 0.8210915923118591, 0.31853416562080383]]}, "gap_0": {"gap_0_p_future": [[0.7587873339653015, 0.859829306602478, 0.3747347295284271], [0.7670506834983826, 0.8680135607719421, 0.38329875469207764], [0.7595839500427246, 0.8613220453262329, 0.37288564443588257], [0.7558398842811584, 0.857870876789093, 0.3680278956890106], [0.7648212313652039, 0.8612658381462097, 0.3982430398464203]], "gap_0_p_now": [[0.7616773843765259, 0.8610410690307617, 0.38400396704673767], [0.7689721584320068, 0.8597094416618347, 0.4240868389606476], [0.7582962512969971, 0.8535476922988892, 0.39625293016433716], [0.7540286779403687, 0.8497264385223389, 0.3902890086174011], [0.7650231122970581, 0.8607652187347412, 0.40111488103866577]], "s_pred_p_now": [[0.7460010051727295, 0.7119580507278442, 0.7734086513519287], [0.7455506920814514, 0.7166441082954407, 0.7688231468200684], [0.7236119508743286, 0.7015843987464905, 0.7413460612297058], [0.7532854080200195, 0.7095656991004944, 0.788483738899231], [0.7458899021148682, 0.7182112336158752, 0.7681737542152405]], "s_pred_p_future": [[0.6794806122779846, 0.6510829329490662, 0.7023434042930603], [0.6758912801742554, 0.6457089781761169, 0.7001908421516418], [0.6609681248664856, 0.6361269950866699, 0.6809675693511963], [0.6896047592163086, 0.6634223461151123, 0.7106840014457703], [0.6737726926803589, 0.6344188451766968, 0.7054561376571655]], "superset_p_future": [[0.7820607423782349, 0.8800987005233765, 0.36108675599098206], [0.7903017401695251, 0.884242594242096, 0.3869209885597229], [0.7827932238578796, 0.8807429671287537, 0.3621978163719177], [0.7801722884178162, 0.8758882284164429, 0.3691692054271698], [0.78840571641922, 0.8825542330741882, 0.38413316011428833]]}, "fast_shift": {}, "slow_shift": {}, "short_long": {}}, "bal_Accs": {"ekstedt_events": {"shift_hold_p_future": [0.6644263344950081, 0.6756780259113551, 0.6520745921888131, 0.6673452393988833, 0.6664501575625255], "s_pred_p_future": [0.6885867732903319, 0.6801719892454534, 0.6676826120313909, 0.693257656598832, 0.6761104150215285], "shift_hold_p_now": [0.6854171540118826, 0.6917603292685369, 0.6690315248618142, 0.675923065571491, 0.6817946788506877], "s_pred_p_now": [0.7475217427609053, 0.745491292345803, 0.7177823191949084, 0.7482814992258217, 0.7441787918688156], "backchannel": [0.7294529728281428, 0.703213325237191, 0.7013087595283537, 0.754694093123556, 0.6600417526811375], "short_long": [0.6295946408817014, 0.6065635008432321, 0.6042436170990085, 0.641601317701834, 0.5870732321114001]}, "roddy_events": {"overlaps_before_p_now": [0.5524249353735364, 0.5683654811888242, 0.5556228590254602, 0.562140414638375, 0.5451598356527089], "overlaps_before_p_future": [0.5941765060160222, 0.615141897188257, 0.6019100638287661, 0.6049771996885305, 0.6016484882444474], "overlaps_after_p_now": [0.5208285503913473, 0.5460494088175616, 0.5171580612622989, 0.5420855659133722, 0.532390839752744], "overlaps_after_p_future": [0.5854694979089086, 0.6231781044374027, 0.5899551949127224, 0.5954277452573752, 0.6030136533807888]}, "gap_0": {"gap_0_p_future": [0.665635954417708, 0.6683898875196251, 0.6543668259425048, 0.6607598419250638, 0.6633481461197929], "gap_0_p_now": [0.6857835211234116, 0.6927835684767383, 0.6736860072896746, 0.6786221289700809, 0.6870218562473664], "s_pred_p_now": [0.7463563812217379, 0.7457822823786003, 0.7259206405588327, 0.7479612729220662, 0.7438104557078613], "s_pred_p_future": [0.6780905594549544, 0.6746950346733203, 0.665375891726179, 0.6892115852835381, 0.6721661035383732], "superset_p_future": [0.6702255572323164, 0.6758416283345442, 0.6600564461052945, 0.6751496567508012, 0.6694884138687598]}, "fast_shift": {}, "slow_shift": {}, "short_long": {}}}